metric	jobid	global_order	run_order	matches_global
seq_write_MiBs	51392234	shm|localtmp|working|fast|temp	shm|working|temp|fast|localtmp	False
seq_write_MiBs	51392235	shm|localtmp|working|fast|temp	shm|localtmp|working|fast|temp	True
seq_write_MiBs	51392236	shm|localtmp|working|fast|temp	shm|working|temp|fast|localtmp	False
seq_write_MiBs	51392237	shm|localtmp|working|fast|temp	shm|localtmp|working|fast|temp	True
seq_write_MiBs	51392238	shm|localtmp|working|fast|temp	shm|localtmp|working|temp|fast	False
seq_write_MiBs	51392239	shm|localtmp|working|fast|temp	shm|localtmp|working|fast|temp	True
seq_write_MiBs	51392240	shm|localtmp|working|fast|temp	shm|working|fast|localtmp|temp	False
seq_write_MiBs	51392241	shm|localtmp|working|fast|temp	shm|working|fast|localtmp|temp	False
seq_write_MiBs	51392242	shm|localtmp|working|fast|temp	shm|working|fast|temp|localtmp	False
seq_write_MiBs	51392243	shm|localtmp|working|fast|temp	shm|working|fast|temp|localtmp	False
seq_write_MiBs	51392244	shm|localtmp|working|fast|temp	localtmp|shm|fast|temp|working	False
seq_write_MiBs	51392245	shm|localtmp|working|fast|temp	shm|temp|localtmp|fast|working	False
seq_write_MiBs	51392246	shm|localtmp|working|fast|temp	shm|working|localtmp|temp|fast	False
seq_write_MiBs	51392247	shm|localtmp|working|fast|temp	shm|localtmp|working|fast|temp	True
seq_write_MiBs	51392248	shm|localtmp|working|fast|temp	shm|working|localtmp|temp|fast	False
seq_write_MiBs	51392249	shm|localtmp|working|fast|temp	shm|working|localtmp|fast|temp	False
seq_write_MiBs	51392250	shm|localtmp|working|fast|temp	localtmp|shm|working|fast|temp	False
seq_write_MiBs	51392251	shm|localtmp|working|fast|temp	localtmp|shm|working|fast|temp	False
seq_write_MiBs	51392252	shm|localtmp|working|fast|temp	shm|localtmp|working|fast|temp	True
seq_write_MiBs	51392253	shm|localtmp|working|fast|temp	shm|localtmp|working|fast|temp	True
seq_write_MiBs	51392254	shm|localtmp|working|fast|temp	shm|localtmp|working|fast|temp	True
seq_write_MiBs	51392255	shm|localtmp|working|fast|temp	shm|localtmp|fast|temp|working	False
seq_write_MiBs	51392256	shm|localtmp|working|fast|temp	shm|fast|localtmp|temp|working	False
seq_write_MiBs	51392257	shm|localtmp|working|fast|temp	shm|working|fast|localtmp|temp	False
seq_write_MiBs	51392258	shm|localtmp|working|fast|temp	shm|localtmp|working|temp|fast	False
seq_write_MiBs	51392259	shm|localtmp|working|fast|temp	shm|working|fast|temp|localtmp	False
seq_write_MiBs	51392260	shm|localtmp|working|fast|temp	shm|working|fast|temp|localtmp	False
seq_write_MiBs	51392261	shm|localtmp|working|fast|temp	shm|localtmp|working|fast|temp	True
seq_read_MiBs	51392234	shm|localtmp|temp|working|fast	shm|temp|working|localtmp|fast	False
seq_read_MiBs	51392235	shm|localtmp|temp|working|fast	shm|localtmp|temp|working|fast	True
seq_read_MiBs	51392236	shm|localtmp|temp|working|fast	shm|temp|working|fast|localtmp	False
seq_read_MiBs	51392237	shm|localtmp|temp|working|fast	shm|localtmp|temp|working|fast	True
seq_read_MiBs	51392238	shm|localtmp|temp|working|fast	shm|localtmp|temp|working|fast	True
seq_read_MiBs	51392239	shm|localtmp|temp|working|fast	shm|localtmp|temp|working|fast	True
seq_read_MiBs	51392240	shm|localtmp|temp|working|fast	shm|temp|working|fast|localtmp	False
seq_read_MiBs	51392241	shm|localtmp|temp|working|fast	shm|temp|working|fast|localtmp	False
seq_read_MiBs	51392242	shm|localtmp|temp|working|fast	shm|temp|working|fast|localtmp	False
seq_read_MiBs	51392243	shm|localtmp|temp|working|fast	shm|temp|working|fast|localtmp	False
seq_read_MiBs	51392244	shm|localtmp|temp|working|fast	shm|localtmp|temp|fast|working	False
seq_read_MiBs	51392245	shm|localtmp|temp|working|fast	shm|fast|temp|working|localtmp	False
seq_read_MiBs	51392246	shm|localtmp|temp|working|fast	shm|temp|working|fast|localtmp	False
seq_read_MiBs	51392247	shm|localtmp|temp|working|fast	shm|localtmp|temp|fast|working	False
seq_read_MiBs	51392248	shm|localtmp|temp|working|fast	shm|temp|localtmp|fast|working	False
seq_read_MiBs	51392249	shm|localtmp|temp|working|fast	shm|temp|working|fast|localtmp	False
seq_read_MiBs	51392250	shm|localtmp|temp|working|fast	shm|localtmp|temp|working|fast	True
seq_read_MiBs	51392251	shm|localtmp|temp|working|fast	shm|localtmp|temp|working|fast	True
seq_read_MiBs	51392252	shm|localtmp|temp|working|fast	shm|localtmp|temp|working|fast	True
seq_read_MiBs	51392253	shm|localtmp|temp|working|fast	shm|localtmp|temp|working|fast	True
seq_read_MiBs	51392254	shm|localtmp|temp|working|fast	shm|localtmp|temp|working|fast	True
seq_read_MiBs	51392255	shm|localtmp|temp|working|fast	shm|localtmp|temp|fast|working	False
seq_read_MiBs	51392256	shm|localtmp|temp|working|fast	shm|temp|fast|working|localtmp	False
seq_read_MiBs	51392257	shm|localtmp|temp|working|fast	shm|temp|localtmp|working|fast	False
seq_read_MiBs	51392258	shm|localtmp|temp|working|fast	shm|localtmp|temp|working|fast	True
seq_read_MiBs	51392259	shm|localtmp|temp|working|fast	shm|temp|working|fast|localtmp	False
seq_read_MiBs	51392260	shm|localtmp|temp|working|fast	shm|temp|working|fast|localtmp	False
seq_read_MiBs	51392261	shm|localtmp|temp|working|fast	shm|localtmp|temp|working|fast	True
metadata_s	51392234	shm|localtmp|working|fast|temp	shm|localtmp|fast|working|temp	False
metadata_s	51392235	shm|localtmp|working|fast|temp	shm|localtmp|working|fast|temp	True
metadata_s	51392236	shm|localtmp|working|fast|temp	shm|localtmp|working|fast|temp	True
metadata_s	51392237	shm|localtmp|working|fast|temp	shm|localtmp|working|fast|temp	True
metadata_s	51392238	shm|localtmp|working|fast|temp	shm|localtmp|working|fast|temp	True
metadata_s	51392239	shm|localtmp|working|fast|temp	shm|localtmp|working|fast|temp	True
metadata_s	51392240	shm|localtmp|working|fast|temp	shm|localtmp|working|fast|temp	True
metadata_s	51392241	shm|localtmp|working|fast|temp	shm|localtmp|working|fast|temp	True
metadata_s	51392242	shm|localtmp|working|fast|temp	shm|localtmp|working|fast|temp	True
metadata_s	51392243	shm|localtmp|working|fast|temp	shm|localtmp|working|fast|temp	True
metadata_s	51392244	shm|localtmp|working|fast|temp	shm|localtmp|fast|temp|working	False
metadata_s	51392245	shm|localtmp|working|fast|temp	shm|localtmp|fast|temp|working	False
metadata_s	51392246	shm|localtmp|working|fast|temp	shm|localtmp|working|fast|temp	True
metadata_s	51392247	shm|localtmp|working|fast|temp	shm|localtmp|working|fast|temp	True
metadata_s	51392248	shm|localtmp|working|fast|temp	shm|localtmp|working|fast|temp	True
metadata_s	51392249	shm|localtmp|working|fast|temp	shm|localtmp|working|fast|temp	True
metadata_s	51392250	shm|localtmp|working|fast|temp	shm|localtmp|working|fast|temp	True
metadata_s	51392251	shm|localtmp|working|fast|temp	shm|localtmp|fast|working|temp	False
metadata_s	51392252	shm|localtmp|working|fast|temp	localtmp|shm|working|fast|temp	False
metadata_s	51392253	shm|localtmp|working|fast|temp	shm|localtmp|working|fast|temp	True
metadata_s	51392254	shm|localtmp|working|fast|temp	shm|localtmp|fast|working|temp	False
metadata_s	51392255	shm|localtmp|working|fast|temp	shm|localtmp|fast|working|temp	False
metadata_s	51392256	shm|localtmp|working|fast|temp	shm|localtmp|fast|temp|working	False
metadata_s	51392257	shm|localtmp|working|fast|temp	shm|localtmp|working|fast|temp	True
metadata_s	51392258	shm|localtmp|working|fast|temp	shm|localtmp|working|fast|temp	True
metadata_s	51392259	shm|localtmp|working|fast|temp	shm|localtmp|fast|working|temp	False
metadata_s	51392260	shm|localtmp|working|fast|temp	shm|localtmp|working|fast|temp	True
metadata_s	51392261	shm|localtmp|working|fast|temp	shm|localtmp|working|fast|temp	True
random_read_ops	51392234	shm|localtmp|working|fast|temp	shm|fast|temp|working|localtmp	False
random_read_ops	51392235	shm|localtmp|working|fast|temp	shm|localtmp|working|fast|temp	True
random_read_ops	51392236	shm|localtmp|working|fast|temp	shm|fast|working|temp|localtmp	False
random_read_ops	51392237	shm|localtmp|working|fast|temp	shm|localtmp|working|fast|temp	True
random_read_ops	51392238	shm|localtmp|working|fast|temp	shm|localtmp|fast|working|temp	False
random_read_ops	51392239	shm|localtmp|working|fast|temp	shm|localtmp|working|fast|temp	True
random_read_ops	51392240	shm|localtmp|working|fast|temp	shm|working|fast|temp|localtmp	False
random_read_ops	51392241	shm|localtmp|working|fast|temp	shm|working|fast|temp|localtmp	False
random_read_ops	51392242	shm|localtmp|working|fast|temp	shm|working|fast|temp|localtmp	False
random_read_ops	51392243	shm|localtmp|working|fast|temp	shm|fast|working|temp|localtmp	False
random_read_ops	51392244	shm|localtmp|working|fast|temp	shm|localtmp|fast|temp|working	False
random_read_ops	51392245	shm|localtmp|working|fast|temp	shm|fast|temp|working|localtmp	False
random_read_ops	51392246	shm|localtmp|working|fast|temp	shm|working|fast|temp|localtmp	False
random_read_ops	51392247	shm|localtmp|working|fast|temp	shm|localtmp|fast|working|temp	False
random_read_ops	51392248	shm|localtmp|working|fast|temp	shm|working|fast|temp|localtmp	False
random_read_ops	51392249	shm|localtmp|working|fast|temp	shm|working|fast|temp|localtmp	False
random_read_ops	51392250	shm|localtmp|working|fast|temp	shm|localtmp|fast|working|temp	False
random_read_ops	51392251	shm|localtmp|working|fast|temp	shm|localtmp|working|fast|temp	True
random_read_ops	51392252	shm|localtmp|working|fast|temp	shm|localtmp|fast|working|temp	False
random_read_ops	51392253	shm|localtmp|working|fast|temp	shm|localtmp|fast|working|temp	False
random_read_ops	51392254	shm|localtmp|working|fast|temp	shm|localtmp|fast|temp|working	False
random_read_ops	51392255	shm|localtmp|working|fast|temp	shm|localtmp|fast|temp|working	False
random_read_ops	51392256	shm|localtmp|working|fast|temp	shm|fast|temp|working|localtmp	False
random_read_ops	51392257	shm|localtmp|working|fast|temp	shm|working|fast|temp|localtmp	False
random_read_ops	51392258	shm|localtmp|working|fast|temp	shm|localtmp|working|fast|temp	True
random_read_ops	51392259	shm|localtmp|working|fast|temp	shm|fast|working|temp|localtmp	False
random_read_ops	51392260	shm|localtmp|working|fast|temp	shm|fast|working|temp|localtmp	False
random_read_ops	51392261	shm|localtmp|working|fast|temp	shm|localtmp|fast|working|temp	False
